batch_name,prompt_tokens,completion_tokens,total_tokens,input_cost,output_cost,total_cost
batch1,161751.0,241.0,161992.0,0.02426265,0.0001446,0.024407250000000002
batch2,184457.0,285.0,184742.0,0.02766855,0.00017099999999999998,0.02783955
batch3,161737.0,235.0,161972.0,0.02426055,0.00014099999999999998,0.024401549999999998
batch4,161779.0,263.0,162042.0,0.02426685,0.0001578,0.02442465
batch5,8722.0,50.0,8772.0,0.0013083,3e-05,0.0013383000000000002
total_batch,678446.0,1074.0,679520.0,0.10176690000000001,0.0006443999999999999,0.1024113
