batch_name,prompt_tokens,completion_tokens,total_tokens,input_cost,output_cost,total_cost
batch1,1442.0,58.0,1500.0,0.0036049999999999997,0.00058,0.0041849999999999995
batch2,1432.0,50.0,1482.0,0.00358,0.0005,0.00408
batch3,1446.0,60.0,1506.0,0.003615,0.0006000000000000001,0.004215
batch4,1433.0,54.0,1487.0,0.0035825,0.00054,0.0041225
batch5,1442.0,57.0,1499.0,0.0036049999999999997,0.00057,0.004175
batch6,1443.0,57.0,1500.0,0.0036075,0.00057,0.0041775
total_batch,8638.0,336.0,8974.0,0.021595,0.00336,0.024954999999999998
