batch_name,prompt_tokens,completion_tokens,total_tokens,input_cost,output_cost,total_cost
batch1,37172.0,62.0,37234.0,0.0055758,3.72e-05,0.005613
batch2,37172.0,60.0,37232.0,0.0055758,3.6e-05,0.005611799999999999
batch3,37176.0,67.0,37243.0,0.0055764,4.02e-05,0.005616599999999999
batch4,37162.0,55.0,37217.0,0.0055743,3.3e-05,0.0056073
batch5,37163.0,60.0,37223.0,0.00557445,3.6e-05,0.0056104499999999995
batch6,37173.0,61.0,37234.0,0.00557595,3.6599999999999995e-05,0.00561255
total_batch,223018.0,365.0,223383.0,0.0334527,0.000219,0.0336717
