batch_name,prompt_tokens,completion_tokens,total_tokens,input_cost,output_cost,total_cost
batch1,1089.0,52.0,1141.0,0.0027224999999999997,0.00052,0.0032424999999999997
batch2,1089.0,46.0,1135.0,0.0027224999999999997,0.00046,0.0031824999999999996
batch3,1089.0,53.0,1142.0,0.0027224999999999997,0.00053,0.0032524999999999997
batch4,1429.0,44.0,1473.0,0.0035724999999999997,0.00043999999999999996,0.0040125
batch5,749.0,43.0,792.0,0.0018725,0.00043000000000000004,0.0023025
batch6,1089.0,47.0,1136.0,0.0027224999999999997,0.00047,0.0031924999999999996
batch7,1429.0,50.0,1479.0,0.0035724999999999997,0.0005,0.0040725
batch8,1089.0,44.0,1133.0,0.0027224999999999997,0.00043999999999999996,0.0031624999999999995
total_batch,9052.0,379.0,9431.0,0.022629999999999997,0.00379,0.026419999999999996
